channel,importance_positive
C3,0.1013305300080473
O1,0.08785572524223913
O2,0.08410316278130466
F3,0.07830088825998131
F4,0.0718548028870079
C4,0.06584324354838315
