channel,importance_positive
C3,0.1605521067822631
F3,0.15732478680950518
O2,0.15565498187845733
F4,0.12634643581276486
O1,0.11503163519348618
C4,0.08931704952886639
