feature_group,importance_positive
previous_epoch_context,0.15878977153652188
original_band_power,0.12258170851991024
relative_band_power,0.07633964284641574
original_statistical,0.05927563923518716
left_right_difference,0.04906109129231565
band_power_ratio,0.02324049929661276
